415 nm,445 nm,480 nm,515 nm,555 nm,560 nm,585 nm,590 nm,610 nm,630 nm,645 nm,680 nm,705 nm,730 nm,760 nm,810 nm,860 nm,900 nm,940 nm
0.0019169660342409215,-0.025955382197474813,-0.029912503020043058,-0.001827964265958297,0.0027252987652071647,0.0006362752950446054,-6.834632328821602e-05,0.0014179631757431019,-0.0006864706894330616,-0.0006804538006897577,0.0005228106805419226,6.262618570162485e-05,0.0003950239530294704,0.00025518171146424526,-7.134672370587389e-05,-3.060344340288424e-05,0.00011288651175862672,0.00013681908496020108,7.72511484011634e-05
0.00024741641732286054,-0.019439301243319957,-0.021523483837526967,-0.0025527203082273734,0.0005285859006656121,0.001373385351638983,0.0006281656269144577,0.001136784337943668,0.0004698300692986476,0.00016390543069117608,0.0003905096560699228,5.8742759413508634e-05,0.00035614774797913253,0.0002757070082981454,1.3230466833219251e-05,2.829754099646034e-05,0.00017879931667735046,0.00015084957832225873,6.031460036813682e-05
-4.654326079584284e-05,-0.014897994347767236,-0.012460946865335252,-0.001585771237765904,-0.008157650573514814,-0.002758994847279077,0.002280350927513198,0.000630503461266212,-0.00023051737506210067,0.0004524857194025712,0.00038489023049771454,6.809742528164167e-05,0.0004165353465368948,0.0003909500279057172,9.556837767907427e-05,3.8787305484445885e-05,0.00011167065707348764,0.00012026368910488304,8.339620128594555e-05
-0.002320314034246169,-0.011064793807001566,-0.003458846932641113,0.004180816672437243,-0.008020875174364313,-0.006111733179116639,-0.000835592650762603,-0.00117273765083036,-0.00047271805186718466,0.00044324665753962817,0.00017425622594144851,1.2624165657442263e-05,0.0003564775012139971,0.000408244844431162,0.00013012112911573107,3.8406854304784e-05,8.778074078067739e-05,0.00011837369100972332,0.00010400495627572107
-0.004875456964836114,-0.016614902252886542,-0.014751734870264844,0.006370037281842733,0.012132098055722698,-0.0014002410117820822,-0.008186192391762527,-0.00019683252988545415,0.0007415784540198873,0.0001895602385852844,0.0007925504518657677,1.4582634821325136e-06,0.0004602996128451477,0.0004942531846157041,0.00010309447969015768,2.3939379868120028e-05,7.333724235284236e-05,0.00010387681299211244,8.769362956185951e-05
-0.0004713092920708428,-0.015393991804671882,-0.016484051906472157,0.0010222708463973535,0.00339786011031739,-0.0013649324726881307,-0.002777307026529809,0.00043674073084454777,0.0009701956856115711,0.0006579592027152473,0.0005054375630009281,0.00010713989932661533,0.0003435759940002487,0.00029039926400711586,2.302071198317045e-05,-1.7200766322892863e-05,3.956454476651403e-05,7.977412911677012e-05,7.1035996164617e-05
0.005023420773772373,-0.020576268682237223,-0.027105860336793294,-0.005885030673576201,-0.002387128476101448,0.0012131970344006343,0.002265866722653609,0.0008842516229540675,0.0006482206422374072,0.00031805667210010614,3.8787756415667054e-05,0.00015614596124931894,0.0002290191727680774,6.326689147142443e-05,-8.109027675503059e-05,-1.3164951190246024e-05,0.0001465793568852712,0.00012895558792539187,4.6609029801644416e-05
-0.001081781416450104,-0.018742981115757663,-0.015302490863122431,-0.00272932156501784,-0.00991478644463968,0.00039703881776169056,0.008425761042533566,0.0023377103272123056,-0.004244559754244078,-0.002717795711075293,0.00010769398891979486,-2.540451919508203e-05,0.00015208934184978416,7.639443867156027e-05,-0.0001389035699216251,6.672675882588464e-05,0.0002594278258408939,0.00011995323139648976,-4.204039233824872e-05
-0.0003003346233524072,-0.014146382167692598,-0.014791997263093564,-0.000945136484081982,-0.00018237232019911948,-0.001035734314985881,-0.0016187798737908009,0.0005154331992471492,0.0022839147081229316,0.0016317894045372728,0.00048408984392968616,0.00013212426128372356,0.0003590632936595216,0.0003256045298363028,0.0001080031484181628,-1.4547225856099707e-05,3.2273976207815303e-06,8.958444736704605e-05,0.00011550805332707132
0.005995556038090013,-0.019555120453933733,-0.029132843726910634,-0.010341876181465608,-0.003570085171327409,0.0034540292679951824,0.005153492842269795,0.0021278613102692304,-8.317910031233316e-05,-0.0007063306392616512,-0.00012763519259258518,0.0003872382866507256,-9.315982832717497e-05,-0.00043999029529852854,-0.0003288232361647425,-1.5338940468773165e-07,0.0002825698500169817,0.00015295261751505345,-3.9007865261840334e-05
-0.0013897005944449314,-0.0006087854865703176,0.0020688521083265903,0.0006621631864132966,-0.002840733163850752,-0.001235391585681582,9.623142369781165e-05,-0.0007261506067551878,-0.0001866893162152227,0.0005573206280303097,0.00012447883737411072,-2.8797081842008297e-05,0.00033119523917227417,0.0004223000258291045,0.0001857827044768136,2.4592492752170102e-05,-1.1851204445529411e-06,8.065584925629561e-05,0.0001296500122349457
-0.001972895385858549,-0.009864883326951913,-0.003832594002637212,0.0055645872882758435,-0.003683482373541496,-0.006259283809108375,-0.0032230280537667265,-0.0012380632137902207,0.0010912828925744812,0.0014972793969687459,0.0003295830733643591,0.00010076949118578144,0.00027335297126901577,0.0003040977352367872,0.00016376351487206408,7.605648446025566e-05,0.0001127249561521618,9.727330210635118e-05,6.535612605175541e-05
0.0036676623066495407,-0.01814103171363532,-0.02145791183640951,-0.0015011456086619114,-0.0014336914437756915,-0.001826990306631946,-0.0007374127797135574,0.000457797343740669,0.001681551573746112,0.0010721567003778615,0.00023093478750673332,0.00016964097284936943,0.00019862657618971392,0.00010211900477347428,-6.632932481085742e-06,-1.6705254683508343e-05,7.216433892177329e-05,9.996891888527027e-05,6.870123940940761e-05
-0.0072430126284448336,-0.0013507817276404135,0.005838122356819454,0.012640425745206171,0.012732625687792543,-0.004483891558567148,-0.011403677994536662,-0.0024498222046512915,0.0010513196736359543,0.0009875882513978576,0.0006329045903532912,-0.0001339388702585638,0.00016355358628949122,0.0003318408561748926,0.00019582352481585627,7.158527497095237e-05,4.952967278519353e-05,6.267922560062606e-05,7.398041700076358e-05
0.0027698343625161517,-0.015159681734290062,-0.01939078242612716,-0.0004579421806732015,0.003967886801842187,-0.0010574955530224077,-0.003019084693405317,0.0007071339971513359,0.0012386859345391583,0.0007811431622717669,0.0006377748587355241,7.94102700905915e-05,0.0003102294819833161,0.00022616983070706737,-3.965231750534487e-05,-8.371748836546748e-05,-5.200755960819243e-05,3.483302918974101e-05,6.377214269422129e-05
-0.0007224933445371222,-0.007462535597860393,-0.00859172848286244,-0.001390356477157236,0.0012837309995110545,0.0004422898410891101,-0.0006101656831041663,0.0011336452135525547,0.0013101471772043371,0.0007689322646835233,0.0005920770797949507,0.0001706678674645172,2.9912802989581502e-05,-9.030914830856834e-05,-0.00012310335963926873,-5.7129527612070685e-06,0.00010303658759664228,6.412639008783889e-05,-3.826096863987467e-06
-0.0046268464376519524,0.0030129164780130814,0.007961489495471798,0.0055961542162443435,0.0045177289780480015,-0.001200926080159044,-0.003933480164776206,-0.0011878747537276465,-0.00021304541593684248,0.0002513168665272585,0.0003553543431570001,-0.0001453064270439563,9.420146629427187e-05,0.0002973156422641362,0.0002101321049219321,7.164350374340093e-05,2.1420174354777975e-05,3.437024562237998e-05,5.846385755037427e-05
0.0005596048382962848,0.0017389987728863331,0.003604015717026345,-0.003387927645722446,-0.009743582937415042,0.001267058510926851,0.006784141055023278,0.00047343998627524976,-0.0003967676552179608,0.0004421756810927815,-8.839618341166056e-05,-9.034396614293907e-05,0.00018605069506380487,0.00028542575837461133,0.00013489062524319297,1.0957393588124435e-05,-2.4216499155965666e-05,3.632427396164241e-05,8.034305787214009e-05
0.0006904326088852455,-0.004028113026511005,-0.004589267842810923,-0.003077003922786776,-0.0043327212641437055,0.0017464429860137784,0.0037206534619432623,0.0003663299836477365,0.00045362102867318056,0.0006054179467403619,-1.87244839277552e-05,-3.4304654426952566e-05,7.957830402804619e-05,0.0001472903918910836,8.571499292066341e-05,1.9599707935971594e-05,6.260920304485733e-06,2.3812613763576606e-05,3.8281209675794015e-05
-0.00639079544454658,0.006269590849170857,0.014882134950741156,0.009669620935094003,0.004811088405305695,-0.0043241463728377364,-0.007456030666950296,-0.002642412852769123,0.00016929010964782367,0.0006742938700299312,0.00035076707915830674,-7.379123280692041e-05,0.00027943701169437854,0.0004373227600752557,0.00023285523531476845,0.00011697342615572457,8.27550938565252e-05,4.131030495344445e-05,2.372438114073497e-05
-0.008104427492689855,0.0007724471228938226,0.006589748333509872,0.009650672406880341,0.0149797115159152,0.0009003381213656056,-0.008974108963513406,-0.002364769697981736,-0.0006773407288140649,-0.0005581387276681372,0.00032066334218397744,-0.00024897698914139703,1.5608912442770283e-05,0.0001590609248930557,0.0001495236300673332,0.0003204625273394224,0.0004909353559907552,0.00017116391837174736,-8.053608896959049e-05
0.0012288462866135406,-0.0055727789263536045,-0.005326039879021312,-0.0024555454462992406,-0.006153865405219597,0.0002994643810882228,0.005006459912399069,0.0018484927837246516,-0.0005202799793588312,-0.0002967915898519861,0.0001784455524715613,-3.388418307060634e-05,5.866709676555942e-05,3.796919197233094e-05,-4.7325054347173326e-05,-2.3063951435641947e-05,8.425959130281546e-07,9.714079918744984e-06,4.496713567578985e-06
-0.0014440834568725108,0.004705081299959231,0.006118181786731711,-0.00157673004217152,-0.0027366499056365808,0.0012191744111162727,0.0018638926946832508,0.0003054472139481286,0.0006717517778652668,0.000845400503564967,0.0002771404393698473,-3.002150191999675e-06,0.00016787666172816767,0.000211619306328456,8.80348536258528e-05,-1.762890612103869e-05,-6.926746718319016e-05,-8.43129524305235e-06,4.4022456882749034e-05
-0.004831554294464004,0.0005642580258244169,0.005023652136731824,0.007492557485252061,0.007440408710543118,-0.0015668191773377871,-0.005233464560233596,-0.001698160340291334,0.0005149978384318757,0.0005156127671516681,-9.320450987037632e-05,-5.07652697315493e-05,0.00019324500945923652,0.0003055784877367951,0.00017931014182867404,5.0761403018123056e-05,-2.633119265286056e-06,1.4856032115065456e-05,4.268982668797347e-05
-0.001630936639194988,-0.004282438863790837,-0.005545393070404685,-0.001384145261936219,0.0042574451361095484,0.0039803211991510925,0.00038417982097519593,0.0004317302186686318,-6.204415378784512e-05,-0.00017577993493704102,0.00039470021075038454,4.920665640694875e-05,-4.1204314843106095e-05,-0.00010090419463843185,-8.268011658675741e-05,9.931102133824967e-06,9.345480027074288e-05,4.02720590238972e-05,-2.959402560824052e-05
0.0016284544669829988,0.0034849726153939435,0.006791872970034217,-0.0021252320825242196,-0.01306915684192644,-0.0016135384217233276,0.0065263864013590765,0.00030005555477035685,-0.0003670426303206244,0.0005060494163272762,-0.00012346779342570615,6.945486023147486e-05,4.072239703202735e-05,1.8751798961508075e-05,3.573520139820764e-05,-9.378168291039052e-06,-3.4932356326367606e-05,-5.8430610806553226e-06,2.18958614988451e-05
-0.0058365279376889935,0.006034611747006761,0.009233713702719106,0.005005321578363204,0.009780815389076136,0.002409294491358814,-0.004710743578418608,-0.0014511285267041485,0.0008458464829722471,0.0007075113028017697,0.0005067924669403697,-3.054749935701111e-05,-8.041426354887846e-05,1.139861775098375e-05,4.697757020344969e-05,0.0001366361701142258,0.00020976994228513027,7.907344007383575e-05,-2.464484395205352e-05
0.004616405282905679,-0.00463504083565932,-0.009313785231774228,-0.007217517767578047,-0.007633658299803666,0.0016813967025459883,0.006682797825658508,0.0017315244123249588,-0.0004844091658432921,-0.0002965368080835497,-0.00018845457931134107,0.0001900626323610396,7.059581614002417e-06,-0.00015366755307724884,-0.00010961121196480358,-4.063391844986425e-05,-1.0233104585513218e-05,-2.0935219321251886e-05,-3.851362075960095e-05
-0.005144752291066999,0.0090740034288848,0.017900210210100978,0.007508068660342635,-0.000929899696334411,-0.005215165816792978,-0.003821846343350813,-0.0010749186666460936,-0.0004285348023762336,6.8997010954632496e-06,8.305578269753683e-05,-0.00013165269678984572,4.678379939545901e-05,0.00022268780226186567,0.00017074467714777903,4.4622732549088325e-05,-6.686222501688576e-05,-4.936965585749828e-05,7.800464635038614e-06
-0.004002109021412696,0.005526220006436106,0.01628426521010813,0.005690578958937972,-0.009305320765792099,-0.003214806084713636,0.002240534193736932,-0.0036283231093687295,-0.0021699817945113305,0.0005219459507887288,-0.0003268381515179079,-0.00015514382032288438,0.0002624015961720525,0.0004187777942630149,0.0002513127922015349,4.9465431331614145e-06,-0.00016383261504721199,-6.65803994712529e-05,5.225977007745566e-05
0.0008526783824358216,0.006566113764880463,0.004320149568285456,-0.004377424731164151,-0.0023421290487736866,0.002274455289779965,0.0033568285581197367,0.0017775420900881904,0.00074060191420361,0.0002724709711559442,1.590877691201478e-05,-4.11749027798171e-05,-7.418275643940275e-05,-4.486881114679903e-05,-1.1750163796375268e-05,-5.043833841071782e-05,-0.0001145013131078346,-5.5927135440817214e-05,6.9669406816572576e-06
-0.005283688820812732,0.010263611942863104,0.015168661848856143,0.006706702983766993,0.006125823858152265,-0.0017130010123612843,-0.004703691056639751,-0.0008901878808237271,0.0009684451099947059,0.0006346802237532133,0.00010882178776533108,2.634011851648441e-05,-2.4773011924215916e-05,3.000469523932719e-06,5.228671985979614e-05,8.110252905660852e-07,-6.717606877874632e-05,-4.8511439665964006e-05,-6.216692031698462e-06
0.021639555217210144,-0.014495530730752718,-0.04078095076809576,-0.025713459299156263,-0.01122316224838437,0.004888614971713348,0.01021991234328682,0.004646855176867005,-0.0010855752829213314,-0.003108403213931764,-0.0012188232127203517,0.0005462354297079208,-0.0009720557203525951,-0.0016631910916546815,-0.0009252235404736664,3.332071203587453e-05,0.0006555425549658345,0.0002361195973863728,-0.00023776036338912727
0.0028072369452316857,-0.0005399976717083317,-0.005911056794203472,-0.007539828004766538,-0.00250076409601836,0.00537936610593328,0.004893252610348372,0.0006043830178832175,0.0005392604323988292,0.00013874849162086745,-0.00031936234653317684,0.00014992653758736377,-3.668560452461489e-05,-0.0001752346878585362,-7.407473115072746e-05,-2.9271353096182292e-05,-1.0804370980784504e-05,-2.8538499349412965e-05,-4.7659271412368057e-05
-0.0021445312109470704,0.005242030646375791,0.0031071152281710655,0.004449418591656042,0.015442618855296209,0.002563137039667797,-0.007421192607045629,-0.0011179382230870807,0.0008416912733643845,9.108270629501133e-05,0.00030731496506160023,-2.209357352660841e-05,2.5667177804916888e-05,4.5474306652826394e-05,4.211382400987658e-05,6.189953504260505e-05,5.3817451983499405e-05,-1.1040812276079271e-06,-2.994723064722127e-05
-0.004914540776648234,0.015296390237923467,0.02073750149931716,0.00879840531070634,0.007652261355308267,-0.002492957232570477,-0.006563888177202527,-0.001849634144645092,0.0016954542090306052,0.0014281598029907213,1.795014839465342e-06,-0.0001713084569309968,-6.9378803354595234e-06,0.00022797429143028413,0.0002634899217057616,1.2536963634582126e-05,-0.0001864064207874722,-8.590237174143506e-05,5.533053449141762e-05
0.0028266565131206955,-0.013264126802958558,-0.017003250578605723,-0.0060634808785927285,-0.004627318365295718,0.00476713544978484,0.007268760320313521,0.00041058483771000577,-0.000918664648792468,-0.00011318255870166986,-0.0004119758666491309,-7.619638554138049e-05,-4.487864217481868e-05,3.303135811362229e-05,5.0221605971710126e-05,-6.301399821991187e-05,-0.0002150251822316384,-0.00011333153041280052,1.2445184170662992e-05
-0.002787964857160968,0.008600527827718137,0.009040612602643133,0.003712752547162143,0.00889122614549923,0.0015088296397305252,-0.004579597746988118,-0.001412423560804654,0.0013647708252900684,0.0010202022336613511,8.074079000690077e-05,-1.102407536239877e-05,-4.031768962186504e-06,3.9015791589841295e-05,9.091221146595647e-05,-4.612677518566156e-05,-0.0001719829299725522,-8.317021780926957e-05,1.983142059612788e-05
0.004561551766310162,0.0006231472782815932,-0.0100875091533486,0.00032605095033680885,0.015882019632303644,-0.00037265176029550173,-0.0054854374838606175,0.002984345734130235,-0.001883797264659233,-0.0035605015016550445,-0.0008664656710075123,-0.00048922911056994,-0.00134787403510072,-0.0013838166290283812,-0.0004871951793672196,-0.0001044995746172258,3.0081411749210843e-05,-5.717338345060768e-05,-0.0001378522734642019
0.013520213211336538,-0.01104293164748556,-0.029406509998308423,-0.017248020329990132,-0.00618365235451506,0.006322362349648725,0.010381520192368736,0.003620952150441221,-0.0004901858183541411,-0.002873640484151041,-0.0017968746385478458,0.0006168373772003546,-0.0008947279829041694,-0.0015820623192677775,-0.0007682272873539687,-6.940223497239377e-05,0.00032292093444460126,7.878466959515687e-05,-0.00020298024295887916
-0.0034703435605500724,0.012790763645356099,0.015795637616494468,0.0005735325257954201,0.0007658800712697765,0.00420632856297826,0.0017951494612637763,-0.0013181044933478683,0.0005110926681452504,0.0008036163870753232,-0.00016639469048780977,-7.986824585847033e-05,8.401433147485567e-05,0.00016193448396767407,0.00013623207285813177,-1.9904886921702915e-05,-0.00015984388103599623,-8.388222764147382e-05,1.5639763391685874e-05
0.0033985201272158237,0.010040583187247296,0.009298982963558647,-0.005686621855183658,-0.011122843155087688,0.0017187280103900596,0.008560685749134794,0.000889955660141585,-0.0019433791472059888,-0.0008900086707068749,-0.00047661263385038766,-0.00014305889795916113,-0.0001598251392317977,-0.00010765304593018596,-3.0509883151771944e-05,-9.601406583862083e-05,-0.00020001754494772348,-9.263090430427073e-05,1.507629006034433e-05
0.015214026822861083,0.012322640663975894,0.0015099464079223815,-0.017806409190337675,-0.024800230440177047,0.0007253215715471126,0.014286204282061945,0.0012220719578096527,-0.0020427621637822352,-0.0021281697906891835,-0.0017362586539086174,0.0006613024591856296,-0.0005655161528481657,-0.001140090760047602,-0.0005331846728078916,-2.3826418568446923e-05,0.00018415706181723745,-4.8244956263106536e-05,-0.0002495470861917516
0.0008489334148120281,0.012668138461425995,0.009384110627434862,-0.0008545337266431903,0.005263010868615268,0.0017640561521346484,-0.0012883689721972444,0.0009291754337663604,0.0006311339253095016,-7.146016544241907e-05,6.749940093771288e-05,-2.7805068972610225e-05,-9.41941778638054e-05,-0.00010711586204323745,-9.587337695974458e-05,-0.00011701262868789312,-0.00023350361617359772,-0.00014157096151483183,-3.2819504972288606e-05
-0.003838544841249941,0.021756600843329768,0.02530299616248269,-0.00013629711810830315,-0.0018911225075714173,0.0023574936255481606,0.002863998885230264,0.00025957735104826894,0.0005395820058997522,9.747168161887072e-05,-0.0006002275837640153,-8.184223673856332e-05,-0.00014790405879286763,-8.859765080177352e-05,4.9248203616330075e-05,-4.120863639667828e-05,-0.00019652605852825273,-0.0001428186261893338,-4.0786789274205135e-05
-0.004380686750357497,0.012078645072647495,0.01680933258971982,-0.0015345983948513347,-0.005239396810517393,0.0038063286913800586,0.005643809731716255,-0.0007246382827933977,-0.0005426157427276881,-6.742554513497045e-05,-0.0010391545345151203,-0.00015539374599003503,0.00013307121185872182,0.000335192517225148,0.0002603640088848526,-8.65641122306635e-05,-0.00041348094413042806,-0.00020358546160909223,5.2749207065866426e-05
-0.0032112890615128425,0.02944442869455749,0.036971580345985904,0.001985393660530744,-0.007964795936271973,-0.0010788363639936197,0.0031208035470786585,-0.00035120796908027184,0.0001321834633618603,0.00046033836737976097,-0.00025705165790875146,-0.0001390545348326314,-2.0813889249801025e-05,0.00015507924182847676,0.00017316869079267178,-2.9194665518942004e-05,-0.00025840643471464734,-0.00015282186935762173,6.201926391762486e-06
-0.008117140804862963,0.026538828179747967,0.03550240258786213,0.01239872920889562,0.010445723043947792,-0.001803325563415156,-0.008258348718893194,-0.003211356498775759,0.0017181951270457494,0.0016597238857099053,0.00013104599824658475,-0.00019041745388961024,-2.4814603348943296e-05,0.00021245444177867044,0.00024484610374613284,-2.1292525257786903e-05,-0.0003000863898953576,-0.00017155336131026032,2.279513440837548e-05
-0.006764377928998824,0.021558579419801157,0.027981658056096044,0.008540743876079187,0.00904583081460548,0.0009135632446387875,-0.004239224966203985,-0.001270360264346997,0.00016315897440272783,8.637334390314971e-05,0.00018463168690827024,-0.00018858882850679047,-6.856930509422976e-05,0.00011979461254814912,0.0001415638187265611,4.380983269228139e-05,-0.0001373862139500046,-0.0001586417586886611,-8.840084574240083e-05
-0.006203910770591299,0.02535859443042364,0.03165775428097115,0.009221624398539088,0.008809269268392178,2.302752686071663e-05,-0.002982007738971924,-0.00027630521104553794,-0.0012251824470390228,-0.001094852815047503,8.560249767754972e-05,-0.00014040736180862885,-0.0002489397418881259,-0.00013964508819276611,-1.6426805441518543e-05,-3.826319036008416e-05,-0.00019321654970625704,-0.00016034847423058264,-6.294632712008284e-05
0.003537871558330779,0.018178632299970496,0.013430191767993432,-0.006025887434058007,-0.003528697036645734,0.002704724591131673,0.005998374757071594,0.0030495507612807744,-0.0006999125183356204,-0.001184253323885812,-0.00014570343272937779,-0.00010813917176131848,-0.0004992626339911592,-0.000511435002906407,-0.0002706680369807148,-0.00012381774640588084,-0.0001706335297059075,-0.00014255597016817252,-9.161222528910455e-05
0.03124622438479853,0.0066373191318978494,-0.02248231125756539,-0.028214129561284055,-0.021968362695545886,0.001742321426809478,0.013592992076368791,0.0033304627070766353,-0.002258634528385934,-0.002917418052555204,-0.0013477019584534327,0.000301674551280073,-0.0015012485791380508,-0.0017886133827567552,-0.0007491207249600496,-0.00011034103636542352,0.00011457365002696052,-8.284421057468115e-05,-0.0002497332024367048
-0.0003494446386240121,0.03180365162412015,0.037596421930569966,-0.0005804118692133561,-0.01272289694838134,-0.0008566575791756349,0.006784402043332444,-0.00013813098689899848,-0.0009250789752146064,-0.00032844299595946765,-0.0005184893383717664,0.0001837218464066396,-0.0001989134516869361,-0.0003817701566646292,-0.00014159031495022695,-0.000107806410236775,-0.0002552914115999105,-0.00019963485467030428,-9.864519335599415e-05
-0.0074761642116254945,0.03891886695084136,0.054499873434396225,0.008909605211653687,-0.008634453568919037,-0.005176030374560159,-0.0005063813989059432,-0.003698264342749407,-0.0024534443219792193,-0.0005792000228372002,-0.0010522390191511502,-0.0005028687062151847,-0.00016783462807530187,0.0003158528589415902,0.0003860864135783929,-2.6926800263236215e-05,-0.00044574766827456326,-0.00025677050737073914,3.2974261168121485e-05
0.0033949736706537846,0.027061531405359066,0.023318184126811664,-0.0035855656795508568,-0.0013889197586095638,0.0029584158509776207,0.0034586858962463995,0.0006309857015000217,0.0007818463963159427,5.331346560375795e-06,-0.0008106814114263558,-0.00012965074978451554,-0.000241853909492561,-9.152056343289027e-05,8.915543128953354e-05,-8.114052002651187e-05,-0.0003320597001258363,-0.00020821707941512193,-2.33483882978728e-05
0.007161204790479575,0.02919427062287628,0.029839792353997828,-0.006545666206436908,-0.0203059588038132,-0.0026364631780241422,0.009077442005251577,0.0002899505723722839,-0.00174881780101176,-0.0005142605077256973,-0.0006416803826830614,-0.00014247600435856564,-0.0003437033052791583,-0.00021393462360850253,8.864522314507104e-06,-7.499136441378361e-05,-0.00028167062044833456,-0.00020039758967227108,-5.767728511898694e-05
-0.00949213494165618,0.03129457786730477,0.038850457809954456,0.009501458958018877,0.012890415313643072,0.002827712931035921,-0.005962616055229048,-0.0023836534840446424,0.0006619284125501746,0.000492856171488375,-0.00017324217581752123,-0.00031233662347312537,-0.00018152873286992295,-1.1527713765556423e-05,0.00013730452109787295,-6.760409571713495e-05,-0.0003384616916237174,-0.00021873030556015033,-3.0872451179893886e-05
0.0011554588998859798,0.026666761133733584,0.02650586912366801,0.0008561499324084374,-1.1209232533802849e-06,0.00046958880805791914,0.000750528786627392,0.0001562187956334008,0.001076698180923259,0.0003710527632664589,-0.000435712987548636,-6.90065409884824e-05,-8.290179177024595e-05,-3.2318258305325843e-05,7.398900591116641e-05,-0.00011306034516905013,-0.0003772723473688164,-0.00024069228084930676,-4.622497868823715e-05
-0.0008924043319848558,0.027009349341128377,0.027316656806099834,-0.003918018017336298,-0.005638935080586273,0.003816301721088412,0.007646721782115261,0.0012188961708512608,-0.0007405258738346353,-0.0012828117146788708,-0.001045165458686722,0.00016855473238443268,-0.0007288279280872407,-0.0009031892445155738,-0.0002985880802545155,-3.3588209130885546e-05,-7.189771854298457e-05,-0.00018445717342515272,-0.0002043973517291972
-0.00980992809693528,0.03606232361226047,0.04462086771277747,0.018293985057891905,0.022686827825573953,-0.002418275844298722,-0.015852585657963963,-0.0047281867910480176,0.0019780812536307167,0.0016700957719454719,0.0002528929444558462,-0.00020460291248966807,-9.927154431265652e-05,0.00018965286502323385,0.00030604575263796043,-3.6475829343943728e-06,-0.0003491360101369261,-0.00022788934434032673,-1.0606792369608186e-05
-0.004884683301707132,0.03475450203627452,0.039287769398295265,0.003499151760083691,0.0034818060703555396,0.003076782912298879,0.00041506928526968,-0.000774613386998222,0.00042512113219212664,0.0003752996742586618,-0.00030851153361314973,-0.00021345842893570036,-0.0003199259473734374,-7.708449684236851e-05,0.0001923231760924234,-1.2583603019107289e-05,-0.00029551677090623534,-0.00021058772793240167,-3.6768840541389696e-05
0.008087637132212853,0.024384712201736717,0.019252160313533377,-0.005207477093069027,-0.007603612581945288,0.00024202697177376845,0.004711674953900364,0.0004349271872973442,-0.0001066818143993127,0.00012565077772349643,-0.00018447724720722285,4.270974114516167e-06,-0.0007035419367933262,-0.0008272473083244606,-0.00032580442931321027,-7.653576293737484e-05,-7.713735175742897e-05,-0.0002142120921161585,-0.000280565231851128
-0.0007841579076216138,0.02824592720041113,0.026944239235012865,0.000707902930862014,0.006396061003226863,0.003487749844956582,-0.0020225252872613023,-0.0008982628707149849,0.0019302410679977473,0.0009615544336575676,-0.00029576865113114235,-1.939900072364003e-05,-0.0004397079596975909,-0.00031065778877712927,0.00012610761069295896,4.9966897280181066e-05,-0.00016125310532976583,-0.00019449412178174964,-0.00011005486905971184
-0.007690612501830517,0.013860974222961252,0.016984864702664505,0.04722652902379782,0.07775248482257383,-0.011981245345312115,-0.05641008106241188,-0.014481195395805953,-0.007745340115513326,-0.006972265087711393,0.0007379060679059254,-0.000721090959706436,-0.0015579318686007035,-0.0014250555066105711,-0.0005193555714457498,0.000340665648038084,0.0007080317054163278,-1.466171905566935e-05,-0.0005452350981573186
-0.003360827688424293,0.03239111147134583,0.03471877055556484,0.003687440743036376,0.00602706121051964,0.0029063262852125314,-0.0009088339884288156,-0.0007786993455240858,0.0004347630785120167,-6.043957528917201e-05,-0.00046515641643481663,-0.00013727597352405338,-0.0003389082712577428,-0.00025523874913918924,5.549487540970469e-06,-0.00013086385087297407,-0.00042065914530467474,-0.00029438116178466084,-8.838564607736488e-05
-0.0060930663235646415,0.0406247368521991,0.04538986297006156,0.006227041482644143,0.009335676417705378,0.0026202160242881287,-0.003992163158376319,-0.0010796189353483136,0.0014057222657038737,0.0008307402408627005,0.0001119797535026122,-0.0001807598998456214,-0.0003686996521901464,-0.0001280330306161052,0.00017303411447024413,-3.656499046815308e-05,-0.0003709805574329784,-0.00027572539528989765,-7.173328647187137e-05
-0.009471100724736772,0.04319603485394945,0.0532487891974652,0.011643868696212268,0.010163737739847866,0.000645175405621555,-0.005538358138428828,-0.002316820412463746,0.0003697506164562786,0.0005811747402346438,0.0001821826030986577,-0.0002462954841531233,-0.00025329370494102984,2.08931729237694e-05,0.0001858158471141763,-7.968215081187297e-05,-0.0004580653735588261,-0.00031285048629091074,-6.702017892614749e-05
-0.004666047186943273,0.03721967597996942,0.04254280974037277,0.002201034776867281,-7.511268871596838e-05,0.004338284256695701,0.0031377730265475206,-0.001176689239582241,0.00017610184171020556,0.0004350264878237465,-0.00044471410849641695,-0.00016966159885083455,-0.00039290239905362065,-0.00017922420317045915,0.00013731810666879455,-6.549601376986154e-05,-0.00038793611613158896,-0.0002817242711782116,-7.817526925105974e-05
-0.004829393373004247,0.04328482659425801,0.04828092363344798,0.004599983575928304,0.004147873226418387,0.003322316385416322,0.0011214148136564142,-0.0005950272245947488,-0.0006543512799847828,-0.00042065705047068976,-0.00039219297532225506,-0.0003307099679040013,-0.00043660318942280327,-0.00013121688379806378,0.00017443992157165663,-1.0415330701807031e-05,-0.00034420803065836374,-0.0002860886338033428,-9.917593774825085e-05
-0.0003495577260592894,-0.017605483622535348,-0.02043143353674312,-0.004080630398951856,0.0014663299024957489,0.002330130756599602,-0.0012266904047733389,0.00012754286982826976,0.002479575405042249,0.0017453706485406936,0.0003706548048188386,0.00013419194489152183,0.00042684264392235297,0.0005139099513123339,0.0003530708567533501,0.00038072680504628426,0.0005623117402709968,0.0003248004753966281,8.935376274140081e-05
-0.007216594291584445,0.004898538225481863,0.016170495644534794,0.009509695369147069,-0.0011175148854944987,-0.0042572740195580645,-0.001706542138851963,0.0002448748674836101,0.0011152653000562763,0.0010400536508154796,0.0003962740257405976,-0.00024986926408011585,0.000261727389239166,0.0006181713221773372,0.00044632309659931306,0.00012583911734003744,-0.0001213541134148918,-5.87035463472223e-05,6.989709968683219e-05
-0.0010082278258509228,-0.029245802603530126,-0.029144638911703543,0.0027357269062279737,0.0029503206384419185,-0.0035533740992841276,-0.003801900446109605,0.0004813212317946042,0.0018667236435451456,0.0014103947081952287,0.000463808315326238,0.00015892104615789935,0.000502005317579244,0.0004560519076617151,0.00012121308601090848,3.314367091038396e-05,9.349622885169473e-05,9.576433322521745e-05,5.046628468444948e-05
0.03401594488774541,-0.09456159046147568,-0.11948487193415357,-0.03229494820507543,-0.04314751127608553,-0.009121805243445849,0.013652313163015668,0.0012835059854765813,-0.003653795053876967,-0.0015636798517934248,-0.0005681931079739951,0.0001670279833280912,0.00035330172163763147,9.429353697010083e-05,-0.0002960554763764755,-8.46342934761126e-05,0.00024132762735984512,0.00023349374548668555,9.435017715128067e-05
0.0016117164648322205,-0.03087023156950633,-0.04092536043702613,-0.014020163199594447,-0.0030325467888766447,0.006620979261357744,0.007677558251237944,0.0026840671767258055,-0.0008129839515758586,-0.0013326057343260847,-0.00038867134247710846,0.0006627599756745543,0.00032272760477856715,-0.0004862691438867872,-0.0007236538462241102,4.2575093582110016e-05,0.000985291448981722,0.0006364213156061674,5.862800879645984e-05
0.002493013437203373,-0.03360235168727348,-0.04054270370151042,-0.005097427157484168,0.0028146062960774584,0.0020755588370250967,0.0009102446123154216,0.0017780167003127784,-6.729072415468957e-05,-0.0004864508622198244,0.00027676568554890865,0.00021909657245930072,0.0005234300557991458,0.00018111649307659037,-0.00025490999128598244,-0.0001327192206047402,0.0002682083007132807,0.0003246466910537964,0.00016925822848109915
0.01592227408497264,-0.09669166937320926,-0.11967850491036668,-0.023921879895525622,-0.010385409517089895,0.0048539354814573525,0.01055162856151713,0.004073959689271614,-0.0020987570293598545,-0.002176720415620347,-9.680560623635955e-05,0.0003174225796321652,0.000227456733625388,-0.0003378725598083309,-0.0006545937757077647,-3.5613397925749385e-05,0.0008375472657682498,0.0006996308656356841,0.0002349884185419476
0.005339824143340866,-0.0531794565526845,-0.06379345356685927,-0.009283533483724994,0.0015053535641423414,0.0033323924404483965,0.002025393062006237,0.0021717070000907834,-0.001002614644626811,-0.0010619176383934014,0.0007717635756993772,0.00043770603274335593,0.0004100808389616516,-5.310133154086199e-05,-0.000418989641588502,-0.0002480633171888996,9.072971798411867e-05,0.00018139836395040233,7.791307262138765e-05
-0.0019704240930648875,0.0018108014914275244,0.0018230753890096372,0.002971195646695641,0.005683003538751672,-0.0022766265350677058,-0.0035731508509579887,0.0015690233397701607,0.0008576155591499138,0.00035533343504098435,0.0005363682797949402,-0.00016392348616212158,0.00011873237092096492,0.0002418157053695648,4.920354215250989e-05,-4.1755655081658334e-05,-5.508019330700278e-05,3.249966318002854e-05,8.761603238040296e-05
-0.005933301732954206,0.0029852291035273384,0.008315055870079814,0.003783927627824308,0.00269192739647911,0.00032635942074464575,-0.002328689570788193,-0.0006692534608390283,0.0023150825540476246,0.002009177280174842,0.0002944674975364079,-2.9726748311597305e-05,0.00037339307926487854,0.0005843753005278924,0.0004450013137874103,-4.919369544022486e-05,-0.00039939960759609864,-0.00012192673341580777,0.00015756085691702427
-0.006005615503640996,0.006966402632903844,0.013901549779869404,0.009995075352295517,0.007350824360311467,-0.003352439902220373,-0.006606340308341365,-0.0011621258033806155,0.001964672285143644,0.0016779080933957305,0.00037645156419484035,-0.00012069740003293337,0.0003068290085981888,0.0005397198030084969,0.0003773215620553631,7.2334442586283006e-06,-0.00025691980597139654,-8.679290161982842e-05,0.0001054052491376011
-0.009628985561753282,0.008236961159040532,0.01426791285342803,0.011424810382985876,0.01755221989480309,9.893929036884629e-05,-0.009668345926514006,-0.0013532698047640946,0.0008509529684779405,0.0003866224212053984,0.0004228373439659726,-0.00023977632046556007,0.0001839882827433812,0.00046879811441872583,0.00035006158061225286,6.163546675397641e-05,-0.00016128279881348346,-6.642121615120966e-05,6.889615113190748e-05
-0.003809510827402329,-0.019322297408208688,-0.018328878137778865,-0.0003030749945676283,0.00224417729137842,0.0017230422581677347,0.0011989489721359915,0.0016569071307047576,0.00010048333938315628,-0.00022023213163422511,7.777790600276142e-05,-0.0002694784636107488,-8.006051272183728e-06,0.00021366405342073,0.00013101182878142185,-0.00017813842099018864,-0.00039325790478554574,-0.00012925291095109077,0.00010727456437330844
-0.0016591196006755377,-0.015494959378306276,-0.015704969815288627,-0.0018982551906017737,0.0007342330424651415,0.0001177801971129766,-0.0005593071201728805,0.0019786204358780758,0.0008475614851750896,0.0004405169477066789,0.0005834446260002714,-9.957754965993475e-06,0.00040756725308294594,0.0003515684937819236,-3.0299320138434767e-05,-0.00013588666313231655,-0.00012222316635921815,2.8827373236475292e-05,0.0001036145525665202
-0.0011291108529892999,-0.0117664747594928,-0.01360535243905822,0.00019060170147322184,0.004423193667631607,-0.0009373935086595571,-0.002293736903793461,0.0015300340822490275,0.0010525025187432804,0.00047469596363478977,0.000509824504693917,1.7904602967772944e-05,0.00018870532454475148,0.00023647451551849505,5.7022595553878346e-05,0.00035396915165895285,0.0006710904327605677,0.00035742729352558665,3.708953658762736e-05
-0.005354906588463326,0.011139396862220652,0.015346781015172976,0.0012388797578840247,-0.00042456026306639423,-0.0005705283713233408,0.0008704495205215691,0.002132907879831062,0.0007744502819664749,0.0005348219472679033,0.0005465381533853361,5.8327285379217e-05,0.0005524629406108189,0.00043514322619366,-6.250929005881625e-05,-0.0004242688061717287,-0.0006738192315255772,-0.00023846570501422223,0.00010774848698501168
9.728949727377116e-05,-0.012932729540496318,-0.006699631570541653,0.001033066057655442,-0.014438186288181677,-0.006007860961936805,0.0037171057867622856,-0.0007722611943348363,-0.0009239661763896016,0.0004012255951168125,2.5459044091257366e-05,0.00012822635502896017,0.00029849158346796514,0.0002784160378888128,0.00012388933050639294,0.00012843558876273495,0.00022376695957474152,0.00013151637997826763,2.4921799472945782e-05
-0.007675851917809714,0.012273219102686953,0.019478408778006565,0.008942132883067956,0.008035560731086158,-0.0018884281413269369,-0.0062976521079194875,-0.0009322732650752855,0.0023689338880969503,0.001738220513160508,0.00026530305211846497,-0.00015142669563822505,8.982606890219298e-05,0.0003414400479578308,0.00033523446453413534,0.00012122687670715585,-2.6200202912976227e-05,7.338850459882928e-06,7.992291798534612e-05
0.012929263280755663,-0.05344165002382913,-0.0652933056279776,-0.012077740008639202,-0.009040010056302993,-8.430130124981866e-05,0.005674358449581389,0.002799126943352692,-0.0040680713255323835,-0.002797227989185071,0.0006459478105857748,-0.00017817974384914319,-0.00010493758049395632,-0.00012134118825660124,-0.0002615757172892667,0.00011458654085763536,0.0005302213430231173,0.0004234389344061621,0.00017890645527116273
0.008950515624418058,-0.05403988064429413,-0.07089014782018889,-0.02075622438007196,-0.009092517778584434,0.005488162793146904,0.010003883918287423,0.003613173777336748,-0.0012281490413895172,-0.0016611327320782522,-0.00015804402769241255,0.0008856551616575075,0.00014956163049463858,-0.0007934637984856199,-0.0008875080192696195,0.00011307108513670228,0.0011041070414180788,0.0005480163300363396,-0.00015813224580012695
0.01997532623872987,-0.07349175495421621,-0.09472016908848424,-0.01755785604665493,-0.008121957323808457,-0.00019014400031803352,0.003548888904351368,0.001973963978880902,-0.0009088445086048968,-0.0005540960280118416,0.0005357739497655655,0.0005697661037574982,0.0005776846653332883,-0.00013146121026391992,-0.0005454034653377274,-0.0002798261794535925,-0.0001492698092277712,-0.00046156441324772497,-0.0006546783857598654
-0.0013672363965276588,0.009604660579931645,0.012901361928143396,0.0037412167363651216,0.00024473853892903984,-0.0010484174983284888,0.0007095162761093891,0.0011358167895386745,0.0002602579143583632,0.00012392093100016197,-8.134397513527211e-05,-0.00037558989003320584,-1.4077561117752124e-05,0.00028503521990748566,0.0002047255906003233,-8.10442529952428e-05,-0.00036872208520273927,-0.0001899373793751032,4.5645615180277e-05
0.005007619212639675,-0.028996184773626033,-0.03279328260529618,-0.005635826829932905,-0.006418399111540816,-0.00011417933370097554,0.0026488774777819156,0.00019158945234406047,-0.000759288793947168,-4.7168460728093914e-05,0.000128810158194342,-0.0001114074930521372,0.0002282680297960364,0.00026556187223353506,-7.700632820874069e-06,-0.00010402161105199776,-0.00011673697719907044,-6.176665810063214e-06,5.565801077470756e-05
-0.0014597624582677463,0.0011722306276557432,0.0038757775275715385,0.0007243683358759585,-0.0017758030328034104,0.00031265840087610694,0.0011888981205063903,0.001029095307300028,0.00042699990101073814,0.0001899431957983243,0.0003782728736087047,-0.00019417008624675203,-0.00019339353198393004,5.806229295053167e-05,0.00020903340416874097,0.00034888276266603646,0.0005208801564228478,0.00034501356140951124,0.0001706004178355046
0.00023723616233269076,-0.01498808038846762,-0.01570755796540667,-0.0019295055500926203,-0.0014701564893445252,9.533654454727328e-05,0.0012626695382043779,0.0015418032236578089,0.000433268561019144,0.0001738919389786403,0.00023462595399591687,-0.00017217329070901672,-0.00010169179290605928,0.00021029455244341705,0.00027004838756302405,0.00015220961072713227,2.3970191137526057e-05,6.509206933581845e-07,4.126619269854292e-05
-0.007012150338696953,0.016485667698605884,0.023964314841233455,0.005911206202858404,0.0027600154574093662,-0.000534835670295615,-0.002493976238846708,-0.00020241629749573328,0.002227228539510135,0.001756815523119167,0.00036977832676532023,-0.00017313240024517912,5.941691363796483e-06,0.000353940995697831,0.0004470680038590383,0.00025919833247419106,4.565436685386869e-05,-4.298327379484326e-05,-1.2977415751403717e-05
0.024839421967356105,-0.1151570220251846,-0.140164680131092,-0.023763947113662087,-0.018159034616505056,-0.0010358512930071263,0.010039782320689509,0.0033260983989242213,-0.002655900413746211,-0.0020247586181522436,0.0001332427361730665,0.0004442113082692927,0.000233840621011623,-0.0003873969359982468,-0.0007471785857892822,-0.00047658582052844794,-6.873242537462285e-05,0.0001710762685423941,0.00012954736031613084
-0.0016767913678944618,-0.017069367150609124,-0.0206205105241479,0.004600643047959589,0.015706742591864865,0.0004950056290424741,-0.008576227868787678,-0.001837172273697854,0.001174081992931837,0.0004023349128391817,-0.00023366443661555715,2.648162225804692e-05,-8.718461467499908e-05,-6.553986396177667e-05,1.9081211502291703e-05,0.00012560728749741836,0.00028231492923157567,0.0001677444095793591,3.900004710019112e-05
-0.006474175189664831,0.015739120031532022,0.02466211426024001,0.012762274842715254,0.007190582819624605,-0.004379687501885939,-0.006817106781092465,-0.0018337014094139629,0.0017030665446634936,0.001427836117918282,0.00012816595636941938,-9.385224051869888e-05,0.0001016049095341158,0.0003163354536885549,0.000328895183424444,0.00019022501602437297,6.716338687784624e-05,1.4303173574348701e-05,3.0909597650394965e-05
0.002953541450066405,0.0027554398681190473,0.025331564355860047,0.011966376690917978,-0.03902367417085791,-0.022262747018837417,0.005380458958773522,-0.002085218149187662,-0.0025315173701575375,0.0003821413397114056,0.00011281285113097352,7.643535298127345e-05,0.000247405485249584,0.000277424447279388,0.00016998815117174942,8.25857390507752e-05,4.644979341950485e-05,3.403514030147071e-05,3.242926142624225e-05
-0.010578181511071856,0.02877397118097268,0.03795814182126479,0.013518674797617092,0.015595841330588363,-0.0018679775118289228,-0.010478708794086357,-0.0010838873830054142,0.0024145116527155546,0.0015190667852777564,0.0005636488718048046,-0.00016741742319081545,2.4817084221774848e-05,0.00032967475691201214,0.00037861345314471026,5.925183503812894e-05,-0.00021113006189411553,-7.165350177447654e-05,0.00010611786758883996
-0.009167118986803079,0.040597139834685214,0.05314321101496242,0.010514103080072513,0.0013840332157083728,-0.002173840168914438,-0.001921358709322144,-0.0006520531699444956,0.0013759374433198928,0.0014452940441054324,0.00013315287335765376,-0.0003087973352086735,6.42578877251439e-05,0.0004702844297216996,0.00048570254924547616,-7.423489571049933e-07,-0.000492438908015937,-0.0002829646209723068,3.8971742016973686e-05
0.015704948546343855,-0.011283217651517047,-0.008668593205469866,-0.0049597881456967495,-0.037351441414156125,-0.013489737569333408,0.009294992733560168,-0.0032393072368781663,-0.004500441059336768,-0.0009714047166416735,-0.0006064552343055595,0.00014749817430846504,0.00041777760859608567,0.0003487171171138064,0.00013678721540898815,0.0003622503516953677,0.0006472520253104565,0.0002306460831500736,-0.0001533930731572818
0.0019490853072990848,0.00048231473920537504,0.0005646051493868737,-0.0016049280243339412,-0.004563971112121696,-0.000802375484639694,0.0011868959498635857,8.295576946057426e-05,0.0001388416885460203,0.0002975830716255316,6.233579247561069e-05,-2.862157192979795e-05,0.0002922782782486973,0.0003518934579306776,0.00018763882663943307,-8.089517217307906e-05,-0.00025351143626418807,-4.249517368100592e-05,0.00013155164208150912
-0.002481231663598468,0.005458571803451522,0.0047268264169315205,0.0016020586084415003,0.008299724000461221,0.002954763516929866,-0.0035624356807235705,-0.001016491899957556,0.001881365300777248,0.0013340944929005976,0.0002015455582376356,8.477290182091252e-06,0.00011647057222201873,0.00022439799416864908,0.0002041572427622342,-5.691083932368919e-05,-0.00020972885346209273,-4.5836646097727355e-05,9.163119057653485e-05
0.0019060885621427768,-0.007243014003916373,-0.011081424511446072,-0.004653592716658588,-0.0019802586485867316,0.0014570585779981639,0.002492098945653231,0.0008070605513099344,7.441089877083164e-05,-5.97899540963464e-05,-0.0001639989860064255,-8.545170214745917e-05,-0.00010107078651620153,-8.879164005754163e-05,-0.00010332267215268929,2.54232926656874e-05,0.00015754620515600433,9.958387595894557e-05,2.292311022617573e-05
-0.008676928505006204,0.022532699303124158,0.028883747483966448,0.006228772507825811,0.009236268102959388,0.003571731729347955,-0.002867008149263106,-0.000826991070895804,0.0007224539085726177,0.00043930984666046714,0.000149070448042942,-0.00032622427726377516,-0.00011439378203749937,0.00021048919086753956,0.00027138385937991146,5.22971002149928e-05,-0.00017136389475985356,-8.840538872053921e-05,4.397043360610691e-05
-0.0068548386363762445,0.032777990588673526,0.04011924851334381,0.0094744964175912,0.008089012123541236,-2.5840888161068193e-05,-0.004148117062984256,-0.0012886998256593247,0.0005710772251501326,0.0006236112338017776,0.0002533631708215376,-0.0002050066122438618,-3.948755344825093e-05,0.00020028771009649924,0.00023125704985548463,0.0001620911263506833,4.316594613256418e-05,-6.700303933403597e-05,-8.034676621751404e-05
-0.0015331682809166176,0.007452241233017799,0.009487731503362932,0.00023750460442071783,-0.0018400684430433171,-0.0004572302223350387,0.0007264045827757129,0.0004477892665504524,0.0001855184448695596,0.00031263956725816663,0.0002102580739433928,4.8044170034058464e-05,0.00023508550450452705,0.00017068268088717443,-4.605058847296042e-05,-0.00020062747631197013,-0.00035012835635832816,-0.00018592721229862671,-3.409993980097524e-05
0.012789724404908276,-0.06315445484576845,-0.07755966526016941,-0.01813382300988408,-0.01556215087940958,0.001436701884963528,0.011604445159825916,0.0034527430153622487,-0.00398736474738787,-0.003166303578547254,-0.00019230837480761697,0.0004546172456396895,0.00027321681021878086,-0.00045892085936001374,-0.0009230810274475584,-0.00035945954528772574,0.0003069608336710146,0.000318460767140065,6.929271462043006e-05
-0.0007119315113872163,-0.0042888567712152095,0.00016137758846691827,0.0003238416972974924,-0.008211812585955245,-0.003710690836317636,0.00029676112740335825,-0.0006475233098620203,0.0009339614616969997,0.0010502094280166636,-0.0001560739151648422,-8.903370594395474e-05,-7.440148128591691e-06,0.0001765246050992854,0.00025070841737317735,3.7839099177004216e-05,-0.00013824700011335917,-3.5460928649109504e-05,8.71601754353786e-05
-0.00018994766333209345,0.006296619536046197,0.0064850318524492245,-0.0016596091454884295,-0.002062024966159079,-8.300941302971654e-05,-0.00028333829740816163,-0.00020683146792910105,0.00138216099061455,0.0009683530424422029,-7.766873047611128e-05,-2.393235669982208e-05,-0.0002541300466018964,-0.00018673986982033943,2.5729507947713126e-06,0.00020853590696763672,0.000429180481915376,0.00023082353587355713,3.4798729799115455e-05
-0.00778967033505537,0.029932571405106866,0.04127297685854099,0.012265636502263371,0.002747617617164605,-0.005973006603691136,-0.005027144964589829,-0.0002189724215264904,0.002368933726344209,0.0017381781097170956,0.0001565079522719505,-0.0002230154034089471,2.917767876211251e-06,0.0003047997124730595,0.0003351378204388717,1.8891862160556725e-05,-0.0003444068424055919,-0.00023890543073637816,-2.3054071511452846e-05
0.022029211407490784,-0.06395489383295322,-0.09350141862816982,-0.027494178053923943,-0.008405520186842671,0.00665038545660324,0.009922123220271216,0.00318696489758628,-0.0025754680485393705,-0.002345155897189175,-2.1636954149746417e-06,0.0008299774167978926,0.0003297196056444591,-0.0006566555647941789,-0.0009528522849634544,-0.0003197107531160705,0.00047683067471246794,0.00045343981013422656,8.863423740362479e-05
0.009327838239773635,-0.023929276984905004,-0.03390084974120253,-0.012198477569668322,-0.00941767646468271,0.0015883485703760308,0.004816286811011389,-9.610299918239376e-05,-0.0010223823058065394,-0.0007456711451612924,-0.0003566227884562013,0.0005645879793165093,0.0006213621465254726,2.055201025919222e-05,-0.000379905023688651,-0.00022761445650989248,7.692407710110688e-05,0.00013331017914696005,1.719950596725005e-05
-0.008635581841801625,0.03267463228294089,0.0399341128652078,0.01211231911075094,0.014756932517060456,-0.0006575985765186476,-0.008400510280797918,-0.0010896577590648274,0.001459242911210976,0.0007150771103239611,0.00013782992235747752,-0.0004332406031528344,-0.0002561739439968635,0.00019175627123096115,0.0003522600517943581,0.0001637134111164788,-9.392422820579907e-05,-0.00010539817179106696,-7.516357876657943e-07
-0.011856621176283638,0.03396134581346363,0.04364516221359389,0.013908052190784944,0.01751545971855057,-0.00012312367591253007,-0.010280742849049136,-0.0014928779752102408,0.002146806034935591,0.001325167163580332,0.00036052141915968926,-0.00023418285251644867,-1.9736824114113447e-05,0.00031875241681170153,0.0003918711152491196,0.00015489383116266568,-0.0001540913778096157,-0.0001538292103733462,-2.548232116698969e-05
0.011985290783456878,-0.05357892882863469,-0.07660509690185002,-0.023402682409964553,-0.004341284495482583,0.009591544541974695,0.01025455544548184,0.002605321898557045,7.450878910768808e-06,-0.0014603631118150825,-0.0009135378545140072,0.001276303509341988,0.00012720916903283987,-0.0010827483958810117,-0.0009919746888295952,-9.198954829419878e-06,0.001097691594915443,0.0007040390544789926,3.125752766963257e-05
-0.00460139005660308,0.020156095122894485,0.02252684835711298,0.0013948088021961472,0.005019534366963702,0.004523850254070329,-0.0005922810405038295,-0.0011930718459814936,0.0012501628408934339,0.0010636948243162988,-2.3631932700493206e-05,-6.110890851098957e-05,2.97149429339292e-05,0.00016368059702477644,0.000235534015946996,0.0002525287267113996,0.00021154852832833937,2.735886596758356e-05,-5.7797223969970075e-05
-0.01157022136805838,0.035397055044519274,0.048194456757348805,0.00914764600219687,0.003909112897475361,0.0015401111886671759,-0.0013190154084060275,-0.0006716405054347126,0.001565210444740863,0.001356472309906066,4.3283364288771646e-05,-0.0003410178860087077,-0.00018569385964557284,0.00019750351774600877,0.0003636072836153749,4.920203672809518e-05,-0.0003063553546546246,-0.00015834302587612047,7.49864834203603e-05
-0.014622523550893836,0.048566316484045954,0.059990846582442,0.013690756017695992,0.018638557476729416,0.0033045913400502475,-0.008965752203662688,-0.002146889978892561,0.0015597954890971943,0.0009546361045828492,0.00027572782778590967,-0.0003451053327048813,-0.00011267685622931675,0.0003474860574950305,0.0005146046548257135,4.892930038592476e-05,-0.0004584943741813357,-0.00027908983585558727,2.0566670886005728e-05
0.00937778218737824,-0.03660753492764104,-0.0423922232760279,-0.009987961852573272,-0.01604274018749329,-0.001898952343136008,0.009432630118926292,0.002276891751026318,-0.005200206509091376,-0.003402484739422864,3.500823559314981e-05,0.00017330735997242246,-5.045883858213534e-05,-0.000535234039806192,-0.0007156274445707479,-0.00039220693867826574,-8.002068223821393e-05,7.737302853942433e-05,5.5889576151193045e-05
-0.0017071653638325232,-0.011589252979601158,-0.013577204084892797,0.0030979374124227056,0.012044636832361405,0.0029216921665102674,-0.005052663630452828,-0.001139344864895683,0.0012539727922094707,0.0006124554945914368,0.00016742515710881317,0.0001479681975562983,-0.00014871621493611873,-0.00026199547476672507,-9.093460668618825e-05,-2.7238154089038007e-05,6.274733184946386e-05,4.475209919273021e-05,2.5860045517018485e-06
-0.008295172948186491,0.03957345035322279,0.04928514813745151,0.008926925701920262,0.004534022712251942,-0.000725127560964392,-0.002498867487358801,-0.00010794862979655524,0.0013236878484269715,0.001200987722671984,0.0003097681073613454,-0.00015249400993541044,-5.0693583593055375e-05,0.0001245031705277151,0.00015216947079200148,-4.76510558113208e-05,-0.00029956228815141,-0.0001941701667022168,-1.922183590884804e-05
-0.005684423298148347,0.013099001753882553,0.02052868774143707,0.00509973746411068,0.000399901646070849,0.001996481504679612,0.002439086141228485,-0.0006136664895561817,-0.001976710826178772,-0.0010913698606480294,-0.00019209340947715892,-0.00024012373426431053,-1.786262074900428e-05,0.00028006864562287793,0.0003345675538985014,0.0003226799777227272,0.0001856218323360234,-0.0001050332934324883,-0.00022242088274877957
